{"stat.leaveGame":62,"stat.pickup.harvestcraft.pitepaltitem":6,"stat.pickup.thermalexpansion.capacitor":1,"stat.pickup.forestry.resources":6,"stat.drop.gregtech.ore_garnet_yellow_0":1,"stat.useItem.minecraft.water_bucket":15,"stat.drop.biomesoplenty.grass":1,"stat.pickup.claybucket.unfiredclaybucket":1,"stat.drop.minecraft.brick_block":70,"stat.useItem.tconstruct.throwball":72,"stat.pickup.minecraft.bucket":18,"stat.drop.harvestcraft.meatfeastpizzaitem":4,"stat.craftItem.gregtech.axe":1,"stat.useItem.minecraft.ender_pearl":29,"stat.drop.minecraft.gold_ingot":1,"stat.craftItem.gregtech.sword":2,"stat.pickup.gregtech.meta_ingot":2,"stat.drop.harvestcraft.epicbaconitem":4,"stat.drop.gregtech.meta_ingot":17,"stat.craftItem.gregtech.machine":8,"stat.drop.lootgames.ms_activator":64,"stat.furnaceInteraction":1,"stat.drop.gregtech.machine":5,"stat.pickup.claybucket.claybucket":2,"stat.pickup.harvestcraft.mincepieitem":6,"stat.drop.minecraft.red_flower":1,"stat.drop.minecraft.stained_hardened_clay":1,"stat.pickup.gregtech.meta_item_1":83,"stat.drop.railcraft.tool_shovel_steel":1,"stat.pickup.minecraft.potion":3,"stat.drop.railcraft.tool_pickaxe_steel":1,"stat.pickup.ic2.misc_resource":65,"stat.pickup.tconstruct.slime_dirt":2,"stat.drop.forestry.crate":1,"stat.drop.minecraft.snowball":2,"stat.useItem.gregtech.metal_casing":70,"stat.pickup.ironchest.iron_chest":1,"stat.deaths":1,"stat.playOneMinute":10162644,"stat.drop.harvestcraft.sausageinbreaditem":4,"stat.drop.minecraft.torch":1,"stat.drop.minecraft.iron_ingot":4,"stat.pickup.gregtech.meta_block_frame_103":1,"stat.pickup.chisel.marble2":4,"stat.chestOpened":136,"stat.drop.railcraft.tool_hoe_steel":1,"stat.pickup.appliedenergistics2.grindstone":1,"stat.useItem.minecraft.stone":58,"stat.pickup.tconstruct.shovel":2,"stat.drop.irontanks.emerald_tank":1,"stat.pickup.railcraft.coke_oven_red":1,"stat.drop.railcraft.coke_oven":1,"stat.drop.gregtech.meta_plate":1,"stat.fallOneCm":835,"stat.pickup.harvestcraft.mochidessertitem":6,"stat.pickup.gregtech.machine":5,"stat.crouchOneCm":45981,"stat.drop.railcraft.tool_shears_steel":1,"stat.pickup.harvestcraft.cucumbersoupitem":6,"stat.craftingTableInteraction":1,"stat.drop.thermaldynamics.duct_16":1,"stat.drop.thermalfoundation.ore":2,"stat.drop.railcraft.tool_axe_steel":1,"stat.drop.ic2.cutter":2,"stat.drop.gregtech.meta_item_1":598,"stat.pickup.minecraft.planks":41,"stat.killEntity.Llama":12,"stat.craftItem.gregtech.hammer":1,"stat.drop.railcraft.fuel_coke":32,"stat.drop.minecraft.reeds":32,"stat.pickup.gregtech.wire_single":1,"stat.pickup.tconstruct.pattern":4,"stat.useItem.minecraft.cobblestone":4,"stat.useItem.gregtech.meta_item_1":14,"stat.pickup.tconstruct.pickaxe":2,"stat.pickup.ic2.sheet":62,"stat.pickup.minecraft.log":128,"stat.drop.gregtech.machine_casing":7,"stat.pickup.appliedenergistics2.crank":1,"stat.drop.harvestcraft.shrimpokrahushpuppiesitem":4,"stat.drop.gregtech.ore_cassiterite_0":16,"stat.drop.ic2.fluid_cell":16,"stat.mineBlock.minecraft.log":3,"stat.pickup.minecraft.red_flower":3,"stat.sneakTime":20019,"stat.pickup.minecraft.wool":6,"stat.drop.railcraft.engine_steam_hobby":2,"stat.useItem.gregtech.machine":3,"stat.pickup.minecraft.chest":2,"stat.drop.ftbquests.book":1,"stat.pickup.minecraft.flint":26,"stat.pickup.forestry.wood_pulp":1,"stat.craftItem.gregtech.shovel":1,"stat.drop.forestry.ffarm":16,"stat.drop.thermalfoundation.material":6,"stat.useItem.minecraft.diamond_sword":2,"stat.drop.gregtech.wrench":2,"stat.drop.mets.tachyon_disruptor":1,"stat.craftItem.gregtech.mortar":1,"stat.swimOneCm":7255,"stat.drop.minecraft.cobblestone":100,"stat.pickup.minecraft.cooked_porkchop":3,"stat.useItem.minecraft.stone_slab2":557,"stat.pickup.gregtech.ore_sphalerite_0":64,"stat.drop.gregtech.ore_amethyst_0":1,"stat.drop.projectred-core.resource_item":2,"stat.pickup.thermalfoundation.ore":2,"stat.drop.gregtech.ore_garnet_red_0":1,"stat.pickup.harvestcraft.apricotjellysandwichitem":6,"stat.useItem.minecraft.iron_ore":1,"stat.pickup.minecraft.cobblestone":325,"stat.flyOneCm":2107774,"stat.pickup.gregtech.meta_plate":2,"stat.craftItem.gregtech.pickaxe":1,"stat.drop.minecraft.clay_ball":16,"stat.drop.minecraft.snow_layer":2,"stat.drop.harvestcraft.steakandchipsitem":4,"stat.timeSinceDeath":1563521,"stat.drop.minecraft.log":128,"stat.drop.harvestcraft.grilledcheeseitem":6,"stat.pickup.gregtech.ore_sulfur_0":64,"stat.pickup.harvestcraft.vanillaconchasbreaditem":6,"stat.drop.tconstruct.tooltables":2,"stat.pickup.harvestcraft.bulgogiitem":6,"stat.drop.ic2.nightvision_goggles":1,"stat.drop.minecraft.dirt":1,"stat.craftItem.minecraft.stone_slab2":3,"stat.pickup.minecraft.nether_star":1,"stat.craftItem.tconstruct.tooltables":1,"stat.sprintOneCm":458943,"stat.pickup.minecraft.paper":1,"stat.drop.minecraft.leather":2,"stat.useItem.tconstruct.slime_dirt":11,"stat.drop.minecraft.potion":5,"stat.pickup.gregtech.metal_casing":192,"stat.useItem.minecraft.snowball":662,"stat.drop.harvestcraft.fishsticksitem":6,"stat.pickup.ironchest.wood_copper_chest_upgrade":1,"stat.killEntity.Endermite":1,"stat.drop.minecraft.redstone_ore":4,"stat.drop":135,"stat.craftItem.gregtech.mallet":1,"stat.pickup.harvestcraft.cantonesegreensitem":6,"stat.drop.forestry.resources":1,"stat.drop.forestry.ingot_copper":1,"stat.pickup.minecraft.snowball":8,"stat.diveOneCm":28986,"stat.drop.galacticraftcore.heavy_plating":8,"stat.drop.minecraft.cooked_porkchop":3,"stat.pickup.tconstruct.hatchet":2,"stat.jump":5783,"stat.useItem.tconstruct.tooltables":1,"stat.pickup.minecraft.iron_ingot":12,"stat.drop.harvestcraft.cantonesenoodlesitem":4,"stat.craftItem.gregtech.hoe":1,"stat.drop.harvestcraft.blueberryjellysandwichitem":8,"stat.pickup.minecraft.dirt":1,"stat.drop.ic2.misc_resource":32,"stat.drop.gregtech.ore_coal_0":1,"stat.pickup.gregtech.cable_single":1,"stat.pickup.minecraft.leather":2,"stat.damageTaken":50,"stat.drop.gregtech.meta_block_compressed_19":32,"stat.drop.minecraft.water_bucket":2,"stat.drop.minecraft.nether_star":1,"stat.pickup.minecraft.reeds":17,"stat.drop.thermalexpansion.frame":1,"stat.damageDealt":6149,"stat.useItem.minecraft.snow_layer":6,"stat.killEntity.Pig":1,"stat.walkOneCm":262386,"stat.pickup.minecraft.stick":1,"stat.drop.ic2.te":142,"stat.pickup.harvestcraft.nutellaitem":6,"stat.pickup.gregtech.meta_dust":2,"stat.craftItem.gregtech.knife":4,"stat.pickup.minecraft.stone":59,"stat.drop.minecraft.emerald":1,"stat.craftItem.avaritia.infinity_pickaxe":1,"stat.mobKills":21,"stat.drop.gregtech.ore_copper_0":4,"stat.drop.openblocks.elevator":2,"stat.drop.ic2.forge_hammer":1,"stat.drop.gregtech.metal_casing":1,"stat.pickup.minecraft.water_bucket":1,"stat.mineBlock.minecraft.leaves":6,"stat.pickup.ftbquests.lootcrate":64,"stat.pickup.minecraft.torch":4,"stat.pickup.gregtech.steam_casing":2,"stat.useItem.lootgames.ms_activator":24,"stat.drop.ftbquests.lootcrate":7,"stat.pickup.ftbquests.book":2,"stat.drop.galacticraftcore.oxygen_gear":1}