{"stat.drop.ftbquests.book":2,"stat.pickup.minecraft.wooden_slab":2,"stat.leaveGame":19,"stat.pickup.minecraft.flint":32,"stat.pickup.tconstruct.edible":12,"stat.swimOneCm":5925,"stat.climbOneCm":1060,"stat.useItem.minecraft.stone_slab2":603,"stat.pickup.harvestcraft.calamarirawitem":1,"stat.drop.biomesoplenty.grass":2,"stat.pickup.minecraft.sand":74,"stat.pickup.minecraft.splash_potion":1,"stat.pickup.minecraft.cobblestone":4,"stat.flyOneCm":1921856,"stat.pickup.appliedenergistics2.material":3,"stat.useItem.mets.tactical_laser_submachine_gun":3,"stat.drop.minecraft.sand":65,"stat.craftItem.minecraft.wooden_slab":12,"stat.drop.minecraft.snow_layer":3,"stat.timeSinceDeath":771924,"stat.drop.minecraft.log":128,"stat.useItem.minecraft.spawn_egg":13,"stat.pickup.gregtech.meta_tool_head_hoe":1,"stat.drop.harvestcraft.grilledcheeseitem":6,"stat.craftItem.minecraft.bed":3,"stat.pickup.gregtech.meta_tool":2,"stat.useItem.mets.te":1,"stat.drop.harvestcraft.pineappleyogurtitem":6,"stat.drop.minecraft.dirt":6,"stat.useItem.mets.tachyon_disruptor":6,"stat.talkedToVillager":1,"stat.drop.minecraft.red_flower":8,"stat.pickup.minecraft.snow_layer":1,"stat.pickup.minecraft.furnace":2,"stat.drop.minecraft.anvil":1,"stat.killEntity.Squid":9,"stat.craftItem.tconstruct.tooltables":1,"stat.sprintOneCm":127602,"stat.pickup.harvestcraft.carrotcakeitem":1,"stat.drop.minecraft.leather":2,"stat.craftItem.minecraft.stick":8,"stat.drop.minecraft.potion":1,"stat.craftItem.gregtech.meta_tool":16,"stat.pickup.gregtech.meta_item_1":129,"stat.useItem.minecraft.flint_and_steel":1,"stat.drop.harvestcraft.fishsticksitem":6,"stat.drop.tconstruct.slime_congealed":1,"stat.pickup.ic2.misc_resource":64,"stat.pickup.minecraft.pumpkin_seeds":1,"stat.drop.minecraft.snowball":2,"stat.drop":79,"stat.playOneMinute":771924,"stat.killEntity.Sheep":10,"stat.drop.forestry.resources":1,"stat.drop.minecraft.chest":2,"stat.pickup.minecraft.snowball":2,"stat.drop.minecraft.iron_ingot":20,"stat.useItem.avaritia.infinity_sword":1,"stat.pickup.chisel.marble2":1,"stat.diveOneCm":35957,"stat.pickup.minecraft.cooked_mutton":6,"stat.chestOpened":105,"stat.pickup.tconstruct.tooltables":1,"stat.useItem.minecraft.splash_potion":316,"stat.pickup.minecraft.pumpkin":1,"stat.jump":2297,"stat.useItem.minecraft.sand":11,"stat.pickup.minecraft.iron_ingot":90,"stat.drop.minecraft.dye":1,"stat.pickup.minecraft.melon_seeds":1,"stat.pickup.gregtechfoodoption.gtfo_meta_item":4,"stat.drop.gregtech.meta_tool":15,"stat.crouchOneCm":8247,"stat.pickup.minecraft.dirt":6,"stat.useItem.ic2.sheet":6,"stat.pickup.minecraft.melon":1,"stat.craftingTableInteraction":4,"stat.drop.gregtech.ore_coal_0":1,"stat.pickup.minecraft.leather":2,"stat.killEntity.tconstruct.blueslime":12,"stat.drop.harvestcraft.carrotcakeitem":1,"stat.drop.gregtech.meta_item_1":577,"stat.pickup.minecraft.dye":4,"stat.pickup.minecraft.planks":49,"stat.useItem.gregtech.meta_tool":151,"stat.killEntity.Llama":17,"stat.pickup.minecraft.bed":2,"stat.pickup.minecraft.wheat_seeds":1,"stat.pickup.minecraft.potato":5,"stat.drop.minecraft.snow":1,"stat.damageDealt":26906,"stat.useItem.minecraft.snow_layer":11,"stat.drop.gregtech.meta_dust_tiny":6,"stat.useItem.minecraft.crafting_table":1,"stat.drop.minecraft.reeds":16,"stat.killEntity.Pig":5,"stat.walkOneCm":97744,"stat.useItem.minecraft.chest":5,"stat.pickup.minecraft.stick":64,"stat.pickup.gregtech.meta_dust_tiny":9,"stat.drop.appliedenergistics2.material":3,"stat.pickup.minecraft.crafting_table":128,"stat.useItem.minecraft.gravel":1,"stat.pickup.mets.te":64,"stat.pickup.ic2.sheet":61,"stat.pickup.harvestcraft.harvestpumpkinitem":1,"stat.drop.minecraft.chicken":1,"stat.drop.minecraft.sapling":1,"stat.pickup.minecraft.chicken":1,"stat.pickup.ic2.treetap":1,"stat.pickup.minecraft.sapling":1,"stat.drop.gregtechfoodoption.gtfo_meta_item":3,"stat.useItem.mets.advanced_iridium_sword":13,"stat.killEntity.Chicken":1,"stat.drop.minecraft.crafting_table":64,"stat.drop.minecraft.clock":1,"stat.mobKills":86,"stat.drop.tconstruct.edible":12,"stat.drop.harvestcraft.calamarirawitem":1,"stat.drop.biomesoplenty.dirt":1,"stat.pickup.ftbquests.lootcrate":1,"stat.pickup.minecraft.torch":4,"stat.pickup.minecraft.red_flower":14,"stat.sneakTime":5491,"stat.pickup.minecraft.wool":12,"stat.drop.minecraft.grass":1,"stat.drop.ftbquests.lootcrate":1,"stat.pickup.minecraft.chest":1,"stat.pickup.ftbquests.book":2}