{
  "minecraft:recipes/tools/fishing_rod": {
    "criteria": {
      "has_string": "2022-12-22 10:56:58 +0800"
    },
    "done": true
  },
  "minecraft:recipes/decorations/purple_stained_glass_pane": {
    "criteria": {
      "has_glass": "2022-12-26 14:07:37 +0800"
    },
    "done": true
  },
  "minecraft:recipes/building_blocks/black_stained_glass": {
    "criteria": {
      "has_glass": "2022-12-26 14:07:37 +0800"
    },
    "done": true
  },
  "minecraft:recipes/building_blocks/purple_wool": {
    "criteria": {
      "has_white_wool": "2022-12-27 08:08:43 +0800"
    },
    "done": true
  },
  "minecraft:recipes/redstone/lever": {
    "criteria": {
      "has_cobblestone": "2022-11-04 18:24:48 +0800"
    },
    "done": true
  },
  "minecraft:recipes/building_blocks/magenta_concrete_powder": {
    "criteria": {
      "has_gravel": "2023-05-13 11:12:30 +0800"
    },
    "done": true
  },
  "biomesoplenty:recipes/buildingblocks/coarse_silty_dirt": {
    "criteria": {
      "has_gravel": "2023-05-13 11:12:30 +0800"
    },
    "done": true
  },
  "minecraft:recipes/combat/iron_sword": {
    "criteria": {
      "has_iron_ingot": "2022-12-23 08:57:43 +0800"
    },
    "done": true
  },
  "minecraft:recipes/misc/writable_book": {
    "criteria": {
      "has_book": "2023-01-14 13:13:46 +0800"
    },
    "done": true
  },
  "minecraft:recipes/building_blocks/oak_wooden_slab": {
    "criteria": {
      "has_planks": "2022-12-22 11:30:14 +0800"
    },
    "done": true
  },
  "gregtech:steam/8_bronze_solar_boiler": {
    "criteria": {
      "location": "2022-12-24 20:49:05 +0800"
    },
    "done": true
  },
  "gregtech:steam/90_primitive_pump": {
    "criteria": {
      "location": "2022-12-20 16:57:04 +0800"
    },
    "done": true
  },
  "minecraft:recipes/building_blocks/snow": {
    "criteria": {
      "has_snowball": "2022-12-20 16:59:44 +0800"
    },
    "done": true
  },
  "gregtech:steam/3_bronze_dust": {
    "criteria": {
      "location": "2022-12-22 14:02:17 +0800"
    },
    "done": true
  },
  "minecraft:recipes/building_blocks/lime_concrete_powder": {
    "criteria": {
      "has_gravel": "2023-05-13 11:12:30 +0800"
    },
    "done": true
  },
  "minecraft:recipes/tools/iron_pickaxe": {
    "criteria": {
      "has_iron_ingot": "2022-12-23 08:57:43 +0800"
    },
    "done": true
  },
  "minecraft:recipes/building_blocks/gray_stained_glass": {
    "criteria": {
      "has_glass": "2022-12-26 14:07:37 +0800"
    },
    "done": true
  },
  "minecraft:recipes/building_blocks/yellow_concrete_powder": {
    "criteria": {
      "has_gravel": "2023-05-13 11:12:30 +0800"
    },
    "done": true
  },
  "minecraft:recipes/combat/leather_helmet": {
    "criteria": {
      "has_leather": "2022-11-04 18:17:08 +0800"
    },
    "done": true
  },
  "gregtech:medium_voltage/36_integrated_logic_circuit": {
    "criteria": {
      "location": "2023-05-14 10:18:25 +0800"
    },
    "done": true
  },
  "minecraft:recipes/decorations/crafting_table": {
    "criteria": {
      "has_planks": "2022-12-22 11:30:14 +0800"
    },
    "done": true
  },
  "minecraft:recipes/building_blocks/magenta_wool": {
    "criteria": {
      "has_white_wool": "2022-12-27 08:08:43 +0800"
    },
    "done": true
  },
  "minecraft:recipes/tools/golden_hoe": {
    "criteria": {
      "has_gold_ingot": "2022-12-23 09:13:03 +0800"
    },
    "done": true
  },
  "minecraft:recipes/building_blocks/purple_stained_glass": {
    "criteria": {
      "has_glass": "2022-12-26 14:07:37 +0800"
    },
    "done": true
  },
  "gregtech:ludicrous_voltage/61_europium": {
    "criteria": {
      "location": "2022-12-27 20:04:46 +0800"
    },
    "done": true
  },
  "minecraft:recipes/redstone/trapdoor": {
    "criteria": {
      "has_planks": "2022-12-22 11:30:14 +0800"
    },
    "done": true
  },
  "minecraft:recipes/decorations/ladder": {
    "criteria": {
      "has_stick": "2022-12-24 11:16:01 +0800"
    },
    "done": true
  },
  "minecraft:recipes/decorations/lime_stained_glass_pane": {
    "criteria": {
      "has_glass": "2022-12-26 14:07:37 +0800"
    },
    "done": true
  },
  "minecraft:recipes/misc/iron_nugget": {
    "criteria": {
      "has_iron_ingot": "2022-12-23 08:57:43 +0800"
    },
    "done": true
  },
  "minecraft:recipes/decorations/chest": {
    "criteria": {
      "has_lots_of_items": "2022-12-20 16:58:44 +0800"
    },
    "done": true
  },
  "minecraft:recipes/combat/golden_sword": {
    "criteria": {
      "has_gold_ingot": "2022-12-23 09:13:03 +0800"
    },
    "done": true
  },
  "minecraft:recipes/decorations/magenta_stained_glass_pane": {
    "criteria": {
      "has_glass": "2022-12-26 14:07:37 +0800"
    },
    "done": true
  },
  "gregtech:medium_voltage/35_logic_circuit_wafer": {
    "criteria": {
      "location": "2022-12-27 20:02:05 +0800"
    },
    "done": true
  },
  "minecraft:recipes/building_blocks/brown_concrete_powder": {
    "criteria": {
      "has_gravel": "2023-05-13 11:12:30 +0800"
    },
    "done": true
  },
  "minecraft:recipes/tools/wooden_shovel": {
    "criteria": {
      "has_stick": "2022-12-24 11:16:01 +0800"
    },
    "done": true
  },
  "minecraft:recipes/combat/diamond_sword": {
    "criteria": {
      "has_diamond": "2022-12-26 11:35:55 +0800"
    },
    "done": true
  },
  "minecraft:recipes/decorations/cyan_stained_glass_pane": {
    "criteria": {
      "has_glass": "2022-12-26 14:07:37 +0800"
    },
    "done": true
  },
  "minecraft:recipes/building_blocks/blue_stained_glass": {
    "criteria": {
      "has_glass": "2022-12-26 14:07:37 +0800"
    },
    "done": true
  },
  "minecraft:recipes/building_blocks/cyan_wool": {
    "criteria": {
      "has_white_wool": "2022-12-27 08:08:43 +0800"
    },
    "done": true
  },
  "minecraft:recipes/tools/shears": {
    "criteria": {
      "has_iron_ingot": "2022-12-23 08:57:43 +0800"
    },
    "done": true
  },
  "minecraft:recipes/misc/stick": {
    "criteria": {
      "has_planks": "2022-12-22 11:30:14 +0800"
    },
    "done": true
  },
  "minecraft:recipes/decorations/sign": {
    "criteria": {
      "has_planks": "2022-12-22 11:30:14 +0800"
    },
    "done": true
  },
  "minecraft:recipes/transportation/spruce_boat": {
    "criteria": {
      "entered_water": "2022-12-20 17:00:57 +0800"
    },
    "done": true
  },
  "minecraft:recipes/decorations/jukebox": {
    "criteria": {
      "has_diamond": "2022-12-26 11:35:55 +0800"
    },
    "done": true
  },
  "minecraft:recipes/tools/flint_and_steel": {
    "criteria": {
      "has_flint": "2022-12-22 11:30:11 +0800"
    },
    "done": true
  },
  "biomesoplenty:recipes/transportation/boat_ethereal": {
    "criteria": {
      "entered_water": "2022-12-20 17:00:57 +0800"
    },
    "done": true
  },
  "minecraft:recipes/building_blocks/gray_wool": {
    "criteria": {
      "has_white_wool": "2022-12-27 08:08:43 +0800"
    },
    "done": true
  },
  "minecraft:recipes/misc/gold_nugget": {
    "criteria": {
      "has_gold_ingot": "2022-12-23 09:13:03 +0800"
    },
    "done": true
  },
  "minecraft:recipes/combat/iron_leggings": {
    "criteria": {
      "has_iron_ingot": "2022-12-23 08:57:43 +0800"
    },
    "done": true
  },
  "minecraft:recipes/tools/wooden_hoe": {
    "criteria": {
      "has_stick": "2022-12-24 11:16:01 +0800"
    },
    "done": true
  },
  "minecraft:recipes/combat/shield": {
    "criteria": {
      "has_iron_ingot": "2022-12-23 08:57:43 +0800"
    },
    "done": true
  },
  "minecraft:recipes/building_blocks/cobblestone_slab": {
    "criteria": {
      "has_cobblestone": "2022-11-04 18:24:48 +0800"
    },
    "done": true
  },
  "minecraft:recipes/misc/bucket": {
    "criteria": {
      "has_iron_ingot": "2022-12-23 08:57:43 +0800"
    },
    "done": true
  },
  "gregtech:insane_voltage/55_qbit_cpu_wafer": {
    "criteria": {
      "location": "2022-12-27 20:02:07 +0800"
    },
    "done": true
  },
  "minecraft:recipes/decorations/gray_bed": {
    "criteria": {
      "has_gray_wool": "2022-12-27 08:08:53 +0800"
    },
    "done": true
  },
  "minecraft:recipes/redstone/hopper": {
    "criteria": {
      "has_iron_ingot": "2022-12-23 08:57:43 +0800"
    },
    "done": true
  },
  "gregtech:low_voltage/27_electric_blast_furnace": {
    "criteria": {
      "location": "2022-12-24 10:50:15 +0800"
    },
    "done": true
  },
  "gregtech:low_voltage/17_lv_pump": {
    "criteria": {
      "location": "2022-12-27 20:02:57 +0800"
    },
    "done": true
  },
  "minecraft:recipes/building_blocks/coarse_dirt": {
    "criteria": {
      "has_gravel": "2023-05-13 11:12:30 +0800"
    },
    "done": true
  },
  "minecraft:recipes/decorations/orange_stained_glass_pane": {
    "criteria": {
      "has_glass": "2022-12-26 14:07:37 +0800"
    },
    "done": true
  },
  "minecraft:recipes/redstone/fence_gate": {
    "criteria": {
      "has_planks": "2022-12-22 11:30:14 +0800"
    },
    "done": true
  },
  "biomesoplenty:recipes/transportation/boat_mangrove": {
    "criteria": {
      "entered_water": "2022-12-20 17:00:57 +0800"
    },
    "done": true
  },
  "minecraft:recipes/decorations/white_banner": {
    "criteria": {
      "has_white_wool": "2022-12-27 08:08:43 +0800"
    },
    "done": true
  },
  "galacticraftcore:galacticraft/rocket_workbench": {
    "criteria": {
      "rocket_workbench": "2022-12-25 16:07:03 +0800"
    },
    "done": true
  },
  "minecraft:recipes/building_blocks/light_gray_concrete_powder": {
    "criteria": {
      "has_gravel": "2023-05-13 11:12:30 +0800"
    },
    "done": true
  },
  "minecraft:recipes/building_blocks/light_blue_concrete_powder": {
    "criteria": {
      "has_gravel": "2023-05-13 11:12:30 +0800"
    },
    "done": true
  },
  "galacticraftcore:galacticraft/root": {
    "criteria": {
      "tick": "2022-11-04 15:49:14 +0800"
    },
    "done": true
  },
  "biomesoplenty:recipes/transportation/boat_eucalyptus": {
    "criteria": {
      "entered_water": "2022-12-20 17:00:57 +0800"
    },
    "done": true
  },
  "minecraft:recipes/combat/leather_leggings": {
    "criteria": {
      "has_leather": "2022-11-04 18:17:08 +0800"
    },
    "done": true
  },
  "minecraft:recipes/combat/iron_helmet": {
    "criteria": {
      "has_iron_ingot": "2022-12-23 08:57:43 +0800"
    },
    "done": true
  },
  "minecraft:recipes/tools/golden_shovel": {
    "criteria": {
      "has_gold_ingot": "2022-12-23 09:13:03 +0800"
    },
    "done": true
  },
  "minecraft:recipes/building_blocks/pink_concrete_powder": {
    "criteria": {
      "has_gravel": "2023-05-13 11:12:30 +0800"
    },
    "done": true
  },
  "minecraft:recipes/combat/bow": {
    "criteria": {
      "has_string": "2022-12-22 10:56:58 +0800"
    },
    "done": true
  },
  "gregtech:ultimate_voltage/79_tritanium_coil": {
    "criteria": {
      "location": "2022-12-27 11:51:18 +0800"
    },
    "done": true
  },
  "minecraft:recipes/decorations/black_stained_glass_pane": {
    "criteria": {
      "has_glass": "2022-12-26 14:07:37 +0800"
    },
    "done": true
  },
  "minecraft:recipes/building_blocks/yellow_stained_glass": {
    "criteria": {
      "has_glass": "2022-12-26 14:07:37 +0800"
    },
    "done": true
  },
  "minecraft:recipes/building_blocks/purple_concrete_powder": {
    "criteria": {
      "has_gravel": "2023-05-13 11:12:30 +0800"
    },
    "done": true
  },
  "minecraft:recipes/decorations/iron_bars": {
    "criteria": {
      "has_iron_ingot": "2022-12-23 08:57:43 +0800"
    },
    "done": true
  },
  "lootgames:minesweeper/minesweeper": {
    "criteria": {
      "click_on_puzzle_master": "2023-05-31 09:07:54 +0800"
    },
    "done": true
  },
  "minecraft:recipes/misc/sugar": {
    "criteria": {
      "has_reeds": "2022-12-20 13:31:59 +0800"
    },
    "done": true
  },
  "gregtech:low_voltage/20_lv_conveyor": {
    "criteria": {
      "location": "2022-12-27 20:03:02 +0800"
    },
    "done": true
  },
  "minecraft:recipes/building_blocks/brick_stairs": {
    "criteria": {
      "has_brick_block": "2022-12-24 11:03:08 +0800"
    },
    "done": true
  },
  "minecraft:recipes/building_blocks/blue_wool": {
    "criteria": {
      "has_white_wool": "2022-12-27 08:08:43 +0800"
    },
    "done": true
  },
  "gregtech:steam/81_crafting_station": {
    "criteria": {
      "location": "2022-12-24 10:51:00 +0800"
    },
    "done": true
  },
  "sereneseasons:recipes/tools/season_clock": {
    "criteria": {
      "has_redstone": "2023-04-30 16:43:16 +0800"
    },
    "done": true
  },
  "minecraft:recipes/combat/diamond_chestplate": {
    "criteria": {
      "has_diamond": "2022-12-26 11:35:55 +0800"
    },
    "done": true
  },
  "gregtech:steam/83_hp_solar_boiler": {
    "criteria": {
      "location": "2022-12-27 20:05:07 +0800"
    },
    "done": true
  },
  "biomesoplenty:biomesoplenty/all_biomes": {
    "criteria": {
      "alps_foothills": "2022-11-04 15:49:18 +0800",
      "wetland": "2022-11-04 18:19:31 +0800",
      "alps": "2022-11-04 15:49:11 +0800",
      "mangrove": "2023-01-14 11:53:52 +0800",
      "boreal_forest": "2022-11-04 18:14:54 +0800"
    },
    "done": false
  },
  "minecraft:story/mine_stone": {
    "criteria": {
      "get_stone": "2022-11-04 18:24:48 +0800"
    },
    "done": true
  },
  "minecraft:recipes/decorations/furnace": {
    "criteria": {
      "has_cobblestone": "2022-11-04 18:24:48 +0800"
    },
    "done": true
  },
  "minecraft:recipes/transportation/minecart": {
    "criteria": {
      "has_iron_ingot": "2022-12-23 08:57:43 +0800"
    },
    "done": true
  },
  "minecraft:recipes/misc/beacon": {
    "criteria": {
      "has_nether_star": "2022-11-04 18:21:22 +0800"
    },
    "done": true
  },
  "minecraft:recipes/brewing/cauldron": {
    "criteria": {
      "has_water_bucket": "2022-12-20 16:58:44 +0800"
    },
    "done": true
  },
  "minecraft:recipes/combat/diamond_leggings": {
    "criteria": {
      "has_diamond": "2022-12-26 11:35:55 +0800"
    },
    "done": true
  },
  "minecraft:recipes/decorations/gray_stained_glass_pane": {
    "criteria": {
      "has_glass": "2022-12-26 14:07:37 +0800"
    },
    "done": true
  },
  "minecraft:recipes/building_blocks/red_stained_glass": {
    "criteria": {
      "has_glass": "2022-12-26 14:07:37 +0800"
    },
    "done": true
  },
  "gregtech:ludicrous_voltage/62_raw_crystal_chip": {
    "criteria": {
      "location": "2022-12-27 20:04:14 +0800"
    },
    "done": true
  },
  "minecraft:recipes/decorations/green_stained_glass_pane": {
    "criteria": {
      "has_glass": "2022-12-26 14:07:37 +0800"
    },
    "done": true
  },
  "minecraft:recipes/building_blocks/orange_wool": {
    "criteria": {
      "has_white_wool": "2022-12-27 08:08:43 +0800"
    },
    "done": true
  },
  "galacticraftcore:galacticraft/oxygen_gear": {
    "criteria": {
      "oxygen_gear": "2023-05-14 11:45:40 +0800"
    },
    "done": false
  },
  "minecraft:recipes/tools/iron_hoe": {
    "criteria": {
      "has_iron_ingot": "2022-12-23 08:57:43 +0800"
    },
    "done": true
  },
  "minecraft:recipes/tools/wooden_pickaxe": {
    "criteria": {
      "has_stick": "2022-12-24 11:16:01 +0800"
    },
    "done": true
  },
  "minecraft:recipes/redstone/redstone_torch": {
    "criteria": {
      "has_redstone": "2022-12-22 14:27:06 +0800"
    },
    "done": true
  },
  "minecraft:recipes/transportation/birch_boat": {
    "criteria": {
      "entered_water": "2022-12-20 17:00:57 +0800"
    },
    "done": true
  },
  "minecraft:recipes/food/golden_apple": {
    "criteria": {
      "has_gold_ingot": "2022-12-23 09:13:03 +0800"
    },
    "done": true
  },
  "minecraft:recipes/building_blocks/oak_stairs": {
    "criteria": {
      "has_planks": "2022-12-22 11:30:14 +0800"
    },
    "done": true
  },
  "minecraft:recipes/building_blocks/green_concrete_powder": {
    "criteria": {
      "has_gravel": "2023-05-13 11:12:30 +0800"
    },
    "done": true
  },
  "minecraft:recipes/transportation/acacia_boat": {
    "criteria": {
      "entered_water": "2022-12-20 17:00:57 +0800"
    },
    "done": true
  },
  "minecraft:recipes/tools/iron_shovel": {
    "criteria": {
      "has_iron_ingot": "2022-12-23 08:57:43 +0800"
    },
    "done": true
  },
  "minecraft:recipes/redstone/iron_trapdoor": {
    "criteria": {
      "has_iron_ingot": "2022-12-23 08:57:43 +0800"
    },
    "done": true
  },
  "gregtech:ludicrous_voltage/67_asoc_wafer": {
    "criteria": {
      "location": "2022-12-27 20:02:08 +0800"
    },
    "done": true
  },
  "biomesoplenty:recipes/transportation/boat_redwood": {
    "criteria": {
      "entered_water": "2022-12-20 17:00:57 +0800"
    },
    "done": true
  },
  "minecraft:recipes/building_blocks/orange_stained_glass": {
    "criteria": {
      "has_glass": "2022-12-26 14:07:37 +0800"
    },
    "done": true
  },
  "gregtech:medium_voltage/33_chainsaw": {
    "criteria": {
      "location": "2022-12-27 20:02:26 +0800"
    },
    "done": true
  },
  "gregtech:high_voltage/41_vacuum_freezer": {
    "criteria": {
      "location": "2022-12-27 20:05:26 +0800"
    },
    "done": true
  },
  "minecraft:adventure/root": {
    "criteria": {
      "killed_something": "2022-11-04 18:16:32 +0800"
    },
    "done": true
  },
  "minecraft:recipes/building_blocks/white_concrete_powder": {
    "criteria": {
      "has_gravel": "2023-05-13 11:12:30 +0800"
    },
    "done": true
  },
  "minecraft:recipes/decorations/item_frame": {
    "criteria": {
      "has_leather": "2022-11-04 18:17:08 +0800"
    },
    "done": true
  },
  "minecraft:recipes/tools/stone_hoe": {
    "criteria": {
      "has_cobblestone": "2022-11-04 18:24:48 +0800"
    },
    "done": true
  },
  "minecraft:recipes/tools/clock": {
    "criteria": {
      "has_redstone": "2022-12-22 14:27:06 +0800"
    },
    "done": true
  },
  "minecraft:recipes/tools/diamond_pickaxe": {
    "criteria": {
      "has_diamond": "2022-12-26 11:35:55 +0800"
    },
    "done": true
  },
  "minecraft:recipes/tools/diamond_hoe": {
    "criteria": {
      "has_diamond": "2022-12-26 11:35:55 +0800"
    },
    "done": true
  },
  "biomesoplenty:recipes/transportation/boat_umbran": {
    "criteria": {
      "entered_water": "2022-12-20 17:00:57 +0800"
    },
    "done": true
  },
  "minecraft:recipes/combat/spectral_arrow": {
    "criteria": {
      "has_glowstone_dust": "2022-12-22 14:23:10 +0800"
    },
    "done": true
  },
  "minecraft:recipes/decorations/white_stained_glass_pane": {
    "criteria": {
      "has_glass": "2022-12-26 14:07:37 +0800"
    },
    "done": true
  },
  "minecraft:recipes/tools/diamond_shovel": {
    "criteria": {
      "has_diamond": "2022-12-26 11:35:55 +0800"
    },
    "done": true
  },
  "gregtech:ludicrous_voltage/60_fusion": {
    "criteria": {
      "location": "2022-12-27 20:05:22 +0800"
    },
    "done": true
  },
  "minecraft:recipes/building_blocks/lime_stained_glass": {
    "criteria": {
      "has_glass": "2022-12-26 14:07:37 +0800"
    },
    "done": true
  },
  "minecraft:recipes/decorations/white_carpet": {
    "criteria": {
      "has_white_wool": "2022-12-27 08:08:43 +0800"
    },
    "done": true
  },
  "minecraft:recipes/decorations/pink_stained_glass_pane": {
    "criteria": {
      "has_glass": "2022-12-26 14:07:37 +0800"
    },
    "done": true
  },
  "gregtech:steam/root_steam": {
    "criteria": {
      "location": "2022-12-22 13:59:10 +0800"
    },
    "done": true
  },
  "minecraft:recipes/decorations/glass_pane": {
    "criteria": {
      "has_glass": "2022-12-26 14:07:37 +0800"
    },
    "done": true
  },
  "biomesoplenty:recipes/transportation/boat_magic": {
    "criteria": {
      "entered_water": "2022-12-20 17:00:57 +0800"
    },
    "done": true
  },
  "minecraft:recipes/misc/lapis_lazuli": {
    "criteria": {
      "has_lapis_block": "2023-01-14 13:12:14 +0800"
    },
    "done": true
  },
  "minecraft:recipes/building_blocks/magenta_stained_glass": {
    "criteria": {
      "has_glass": "2022-12-26 14:07:37 +0800"
    },
    "done": true
  },
  "minecraft:story/mine_diamond": {
    "criteria": {
      "diamond": "2022-12-26 11:35:55 +0800"
    },
    "done": true
  },
  "buildcraftcore:root": {
    "criteria": {
      "has_stick": "2022-12-24 11:16:01 +0800"
    },
    "done": true
  },
  "minecraft:recipes/combat/diamond_helmet": {
    "criteria": {
      "has_diamond": "2022-12-26 11:35:55 +0800"
    },
    "done": true
  },
  "biomesoplenty:recipes/transportation/boat_palm": {
    "criteria": {
      "entered_water": "2022-12-20 17:00:57 +0800"
    },
    "done": true
  },
  "gregtech:steam/4_bronze_boiler": {
    "criteria": {
      "location": "2022-12-24 10:50:07 +0800"
    },
    "done": true
  },
  "minecraft:recipes/building_blocks/brick_block": {
    "criteria": {
      "has_brick": "2022-12-20 18:13:38 +0800"
    },
    "done": true
  },
  "minecraft:recipes/building_blocks/light_blue_stained_glass": {
    "criteria": {
      "has_glass": "2022-12-26 14:07:37 +0800"
    },
    "done": true
  },
  "minecraft:recipes/building_blocks/orange_concrete_powder": {
    "criteria": {
      "has_gravel": "2023-05-13 11:12:30 +0800"
    },
    "done": true
  },
  "minecraft:recipes/misc/gold_ingot_from_block": {
    "criteria": {
      "has_gold_block": "2022-12-26 15:57:45 +0800"
    },
    "done": true
  },
  "minecraft:recipes/building_blocks/cyan_concrete_powder": {
    "criteria": {
      "has_gravel": "2023-05-13 11:12:30 +0800"
    },
    "done": true
  },
  "minecraft:recipes/decorations/blue_stained_glass_pane": {
    "criteria": {
      "has_glass": "2022-12-26 14:07:37 +0800"
    },
    "done": true
  },
  "gregtech:low_voltage/root_lv": {
    "criteria": {
      "location": "2022-12-27 22:19:25 +0800"
    },
    "done": true
  },
  "minecraft:recipes/combat/golden_boots": {
    "criteria": {
      "has_gold_ingot": "2022-12-23 09:13:03 +0800"
    },
    "done": true
  },
  "gregtech:extreme_voltage/50_nano_processor": {
    "criteria": {
      "location": "2022-12-27 20:01:14 +0800"
    },
    "done": true
  },
  "minecraft:recipes/tools/wooden_axe": {
    "criteria": {
      "has_stick": "2022-12-24 11:16:01 +0800"
    },
    "done": true
  },
  "minecraft:recipes/building_blocks/lime_wool": {
    "criteria": {
      "has_white_wool": "2022-12-27 08:08:43 +0800"
    },
    "done": true
  },
  "gregtech:low_voltage/23_lv_assembler": {
    "criteria": {
      "location": "2023-07-27 15:33:00 +0800"
    },
    "done": true
  },
  "minecraft:recipes/misc/paper": {
    "criteria": {
      "has_reeds": "2022-12-20 13:31:59 +0800"
    },
    "done": true
  },
  "gregtech:steam/16_steel_boiler": {
    "criteria": {
      "location": "2022-12-24 14:29:34 +0800"
    },
    "done": true
  },
  "minecraft:recipes/building_blocks/black_wool": {
    "criteria": {
      "has_white_wool": "2022-12-27 08:08:43 +0800"
    },
    "done": true
  },
  "buildcraftcore:gears": {
    "criteria": {
      "gear_diamond": "2022-12-23 09:04:50 +0800",
      "gear_iron": "2022-12-23 09:04:48 +0800",
      "gear_stone": "2022-12-23 09:04:46 +0800",
      "gear_wood": "2022-12-23 09:04:45 +0800",
      "gear_gold": "2022-12-23 09:04:49 +0800"
    },
    "done": true
  },
  "minecraft:recipes/combat/golden_chestplate": {
    "criteria": {
      "has_gold_ingot": "2022-12-23 09:13:03 +0800"
    },
    "done": true
  },
  "minecraft:recipes/building_blocks/green_wool": {
    "criteria": {
      "has_white_wool": "2022-12-27 08:08:43 +0800"
    },
    "done": true
  },
  "minecraft:recipes/tools/diamond_axe": {
    "criteria": {
      "has_diamond": "2022-12-26 11:35:55 +0800"
    },
    "done": true
  },
  "minecraft:recipes/brewing/glass_bottle": {
    "criteria": {
      "has_glass": "2022-12-26 14:07:37 +0800"
    },
    "done": true
  },
  "minecraft:recipes/building_blocks/brown_wool": {
    "criteria": {
      "has_white_wool": "2022-12-27 08:08:43 +0800"
    },
    "done": true
  },
  "biomesoplenty:recipes/transportation/boat_fir": {
    "criteria": {
      "entered_water": "2022-12-20 17:00:57 +0800"
    },
    "done": true
  },
  "minecraft:recipes/decorations/light_blue_stained_glass_pane": {
    "criteria": {
      "has_glass": "2022-12-26 14:07:37 +0800"
    },
    "done": true
  },
  "gregtech:extreme_voltage/51_large_combustion_engine": {
    "criteria": {
      "location": "2022-12-27 20:05:21 +0800"
    },
    "done": true
  },
  "minecraft:recipes/building_blocks/iron_block": {
    "criteria": {
      "has_at_least_9_iron_ingot": "2023-01-14 21:51:41 +0800"
    },
    "done": true
  },
  "minecraft:recipes/decorations/painting": {
    "criteria": {
      "has_wool": "2022-12-27 08:08:43 +0800"
    },
    "done": true
  },
  "gregtech:ultimate_voltage/75_fusion_reactor_3": {
    "criteria": {
      "location": "2022-12-25 16:12:22 +0800"
    },
    "done": true
  },
  "minecraft:recipes/building_blocks/white_stained_glass": {
    "criteria": {
      "has_glass": "2022-12-26 14:07:37 +0800"
    },
    "done": true
  },
  "biomesoplenty:recipes/transportation/boat_sacred_oak": {
    "criteria": {
      "entered_water": "2022-12-20 17:00:57 +0800"
    },
    "done": true
  },
  "minecraft:recipes/misc/red_dye_from_poppy": {
    "criteria": {
      "has_red_flower": "2022-12-24 11:18:30 +0800"
    },
    "done": true
  },
  "biomesoplenty:recipes/transportation/boat_pine": {
    "criteria": {
      "entered_water": "2022-12-20 17:00:57 +0800"
    },
    "done": true
  },
  "minecraft:recipes/redstone/wooden_pressure_plate": {
    "criteria": {
      "has_planks": "2022-12-22 11:30:14 +0800"
    },
    "done": true
  },
  "gregtech:zero_point_module/70_stem_cells": {
    "criteria": {
      "location": "2022-12-27 20:04:16 +0800"
    },
    "done": true
  },
  "gregtech:low_voltage/21_machine_controller_cover": {
    "criteria": {
      "location": "2022-12-27 20:03:10 +0800"
    },
    "done": true
  },
  "biomesoplenty:biomesoplenty/terrestrial_artifact": {
    "criteria": {
      "emerald": "2022-12-23 09:14:52 +0800"
    },
    "done": false
  },
  "minecraft:recipes/building_blocks/stone_slab": {
    "criteria": {
      "has_stone": "2022-11-04 18:25:53 +0800"
    },
    "done": true
  },
  "minecraft:recipes/combat/arrow": {
    "criteria": {
      "has_flint": "2022-12-22 11:30:11 +0800"
    },
    "done": true
  },
  "minecraft:recipes/building_blocks/clay": {
    "criteria": {
      "has_clay_ball": "2022-12-20 13:29:47 +0800"
    },
    "done": true
  },
  "minecraft:recipes/building_blocks/green_stained_glass": {
    "criteria": {
      "has_glass": "2022-12-26 14:07:37 +0800"
    },
    "done": true
  },
  "biomesoplenty:recipes/buildingblocks/coarse_loamy_dirt": {
    "criteria": {
      "has_gravel": "2023-05-13 11:12:30 +0800"
    },
    "done": true
  },
  "minecraft:recipes/redstone/light_weighted_pressure_plate": {
    "criteria": {
      "has_gold_ingot": "2022-12-23 09:13:03 +0800"
    },
    "done": true
  },
  "minecraft:recipes/decorations/snow_layer": {
    "criteria": {
      "has_snowball": "2022-12-20 16:59:44 +0800"
    },
    "done": true
  },
  "minecraft:recipes/building_blocks/light_blue_wool": {
    "criteria": {
      "has_white_wool": "2022-12-27 08:08:43 +0800"
    },
    "done": true
  },
  "minecraft:recipes/tools/stone_shovel": {
    "criteria": {
      "has_cobblestone": "2022-11-04 18:24:48 +0800"
    },
    "done": true
  },
  "minecraft:recipes/redstone/wooden_button": {
    "criteria": {
      "has_planks": "2022-12-22 11:30:14 +0800"
    },
    "done": true
  },
  "minecraft:recipes/combat/wooden_sword": {
    "criteria": {
      "has_stick": "2022-12-24 11:16:01 +0800"
    },
    "done": true
  },
  "gregtech:insane_voltage/56_quantum_processor": {
    "criteria": {
      "location": "2022-12-27 20:01:25 +0800"
    },
    "done": true
  },
  "minecraft:recipes/decorations/yellow_stained_glass_pane": {
    "criteria": {
      "has_glass": "2022-12-26 14:07:37 +0800"
    },
    "done": true
  },
  "minecraft:recipes/decorations/gray_banner": {
    "criteria": {
      "has_gray_wool": "2022-12-27 08:08:53 +0800"
    },
    "done": true
  },
  "minecraft:recipes/building_blocks/oak_planks": {
    "criteria": {
      "has_log": "2022-11-04 17:20:40 +0800"
    },
    "done": true
  },
  "minecraft:recipes/building_blocks/blue_concrete_powder": {
    "criteria": {
      "has_gravel": "2023-05-13 11:12:30 +0800"
    },
    "done": true
  },
  "biomesoplenty:recipes/transportation/boat_cherry": {
    "criteria": {
      "entered_water": "2022-12-20 17:00:57 +0800"
    },
    "done": true
  },
  "minecraft:recipes/building_blocks/gray_concrete_powder": {
    "criteria": {
      "has_gravel": "2023-05-13 11:12:30 +0800"
    },
    "done": true
  },
  "minecraft:recipes/building_blocks/cyan_stained_glass": {
    "criteria": {
      "has_glass": "2022-12-26 14:07:37 +0800"
    },
    "done": true
  },
  "gregtech:steam/15_lv_motor": {
    "criteria": {
      "location": "2022-12-27 11:52:07 +0800"
    },
    "done": true
  },
  "gregtech:extreme_voltage/52_soc_wafer": {
    "criteria": {
      "location": "2022-12-27 20:02:08 +0800"
    },
    "done": true
  },
  "gregtech:ludicrous_voltage/63_crystal_processing_unit": {
    "criteria": {
      "location": "2022-12-27 20:04:15 +0800"
    },
    "done": true
  },
  "gregtech:ludicrous_voltage/root_luv": {
    "criteria": {
      "location": "2022-12-27 20:05:22 +0800"
    },
    "done": true
  },
  "railcraft:tracks/coke_oven": {
    "criteria": {
      "build": "2022-12-20 18:08:12 +0800"
    },
    "done": true
  },
  "minecraft:recipes/building_blocks/bookshelf": {
    "criteria": {
      "has_book": "2023-01-14 13:13:46 +0800"
    },
    "done": true
  },
  "minecraft:recipes/decorations/fence": {
    "criteria": {
      "has_planks": "2022-12-22 11:30:14 +0800"
    },
    "done": true
  },
  "minecraft:recipes/tools/golden_axe": {
    "criteria": {
      "has_gold_ingot": "2022-12-23 09:13:03 +0800"
    },
    "done": true
  },
  "minecraft:recipes/tools/iron_axe": {
    "criteria": {
      "has_iron_ingot": "2022-12-23 08:57:43 +0800"
    },
    "done": true
  },
  "minecraft:recipes/building_blocks/glowstone": {
    "criteria": {
      "has_glowstone_dust": "2022-12-22 14:23:10 +0800"
    },
    "done": true
  },
  "minecraft:recipes/combat/golden_helmet": {
    "criteria": {
      "has_gold_ingot": "2022-12-23 09:13:03 +0800"
    },
    "done": true
  },
  "minecraft:recipes/building_blocks/jungle_planks": {
    "criteria": {
      "has_log": "2023-05-01 12:35:03 +0800"
    },
    "done": true
  },
  "minecraft:recipes/decorations/gray_carpet": {
    "criteria": {
      "has_gray_wool": "2022-12-27 08:08:53 +0800"
    },
    "done": true
  },
  "minecraft:recipes/redstone/tripwire_hook": {
    "criteria": {
      "has_string": "2022-12-22 10:56:58 +0800"
    },
    "done": true
  },
  "minecraft:recipes/combat/iron_boots": {
    "criteria": {
      "has_iron_ingot": "2022-12-23 08:57:43 +0800"
    },
    "done": true
  },
  "biomesoplenty:biomesoplenty/root": {
    "criteria": {
      "yellow_flower": "2022-12-24 11:18:30 +0800",
      "red_flower": "2022-12-24 11:18:30 +0800"
    },
    "done": true
  },
  "minecraft:recipes/building_blocks/black_concrete_powder": {
    "criteria": {
      "has_gravel": "2023-05-13 11:12:30 +0800"
    },
    "done": true
  },
  "gregtech:low_voltage/18_shutter_cover": {
    "criteria": {
      "location": "2022-12-27 20:03:11 +0800"
    },
    "done": true
  },
  "biomesoplenty:recipes/transportation/boat_ebony": {
    "criteria": {
      "entered_water": "2022-12-20 17:00:57 +0800"
    },
    "done": true
  },
  "biomesoplenty:recipes/transportation/boat_hellbark": {
    "criteria": {
      "entered_water": "2022-12-20 17:00:57 +0800"
    },
    "done": true
  },
  "minecraft:story/root": {
    "criteria": {
      "crafting_table": "2022-12-22 11:17:00 +0800"
    },
    "done": true
  },
  "minecraft:recipes/redstone/stone_button": {
    "criteria": {
      "has_stone": "2022-11-04 18:25:53 +0800"
    },
    "done": true
  },
  "gregtech:ultimate_voltage/74_wetware_mainframe": {
    "criteria": {
      "location": "2022-12-27 20:01:34 +0800"
    },
    "done": true
  },
  "minecraft:recipes/redstone/dropper": {
    "criteria": {
      "has_redstone": "2022-12-22 14:27:06 +0800"
    },
    "done": true
  },
  "minecraft:recipes/combat/iron_chestplate": {
    "criteria": {
      "has_iron_ingot": "2022-12-23 08:57:43 +0800"
    },
    "done": true
  },
  "minecraft:recipes/building_blocks/yellow_wool": {
    "criteria": {
      "has_white_wool": "2022-12-27 08:08:43 +0800"
    },
    "done": true
  },
  "gregtech:ultimate_voltage/root_uv": {
    "criteria": {
      "location": "2022-12-27 20:04:47 +0800"
    },
    "done": true
  },
  "moreplanets:recipes/laser_bullet": {
    "criteria": {
      "has_item": "2022-12-23 08:57:43 +0800"
    },
    "done": true
  },
  "gregtech:extreme_voltage/49_nano_cpu_wafer": {
    "criteria": {
      "location": "2022-12-27 20:02:06 +0800"
    },
    "done": true
  },
  "minecraft:recipes/redstone/noteblock": {
    "criteria": {
      "has_redstone": "2022-12-22 14:27:06 +0800"
    },
    "done": true
  },
  "minecraft:recipes/building_blocks/red_concrete_powder": {
    "criteria": {
      "has_gravel": "2023-05-13 11:12:30 +0800"
    },
    "done": true
  },
  "gregtech:low_voltage/25_large_boiler": {
    "criteria": {
      "location": "2022-12-27 11:51:12 +0800"
    },
    "done": true
  },
  "minecraft:recipes/building_blocks/string_to_wool": {
    "criteria": {
      "has_string": "2022-12-22 10:56:58 +0800"
    },
    "done": true
  },
  "gregtech:steam/5_bronze_forge_hammer": {
    "criteria": {
      "location": "2022-12-27 20:05:07 +0800"
    },
    "done": true
  },
  "biomesoplenty:recipes/transportation/boat_mahogany": {
    "criteria": {
      "entered_water": "2022-12-20 17:00:57 +0800"
    },
    "done": true
  },
  "gregtech:high_voltage/43_multi_smelter": {
    "criteria": {
      "location": "2022-12-27 20:05:21 +0800"
    },
    "done": true
  },
  "minecraft:recipes/combat/leather_chestplate": {
    "criteria": {
      "has_leather": "2022-11-04 18:17:08 +0800"
    },
    "done": true
  },
  "minecraft:recipes/tools/compass": {
    "criteria": {
      "has_redstone": "2022-12-22 14:27:06 +0800"
    },
    "done": true
  },
  "minecraft:recipes/redstone/repeater": {
    "criteria": {
      "has_redstone_torch": "2023-04-30 16:44:07 +0800"
    },
    "done": true
  },
  "biomesoplenty:recipes/buildingblocks/coarse_sandy_dirt": {
    "criteria": {
      "has_gravel": "2023-05-13 11:12:30 +0800"
    },
    "done": true
  },
  "minecraft:recipes/tools/golden_pickaxe": {
    "criteria": {
      "has_gold_ingot": "2022-12-23 09:13:03 +0800"
    },
    "done": true
  },
  "gregtech:steam/2_more_tools": {
    "criteria": {
      "location": "2022-12-20 17:00:49 +0800"
    },
    "done": true
  },
  "gregtech:steam/1_first_tools": {
    "criteria": {
      "location": "2022-12-23 15:51:01 +0800"
    },
    "done": true
  },
  "gregtech:medium_voltage/32_electric_drill": {
    "criteria": {
      "location": "2022-12-27 20:02:25 +0800"
    },
    "done": true
  },
  "gregtech:ultimate_voltage/77_ultimate_battery": {
    "criteria": {
      "location": "2022-12-27 20:04:18 +0800"
    },
    "done": true
  },
  "gregtech:zero_point_module/72_wetware_processor": {
    "criteria": {
      "location": "2022-12-27 20:01:29 +0800"
    },
    "done": true
  },
  "gregtech:extreme_voltage/root_ev": {
    "criteria": {
      "location": "2022-12-27 20:04:45 +0800"
    },
    "done": true
  },
  "gregtech:ultimate_voltage/78_hasoc_wafer": {
    "criteria": {
      "location": "2022-12-27 20:02:08 +0800"
    },
    "done": true
  },
  "gregtech:steam/11_rubber": {
    "criteria": {
      "location": "2022-12-26 21:54:39 +0800"
    },
    "done": true
  },
  "minecraft:adventure/adventuring_time": {
    "criteria": {
      "ice_flats": "2022-11-04 16:00:26 +0800",
      "forest": "2022-11-04 18:24:24 +0800",
      "taiga": "2022-11-04 18:25:57 +0800",
      "taiga_cold": "2022-11-04 18:15:14 +0800",
      "river": "2022-11-04 18:15:39 +0800"
    },
    "done": false
  },
  "minecraft:recipes/redstone/iron_door": {
    "criteria": {
      "has_iron_ingot": "2022-12-23 08:57:43 +0800"
    },
    "done": true
  },
  "minecraft:recipes/misc/book": {
    "criteria": {
      "has_paper": "2022-12-20 17:16:16 +0800"
    },
    "done": true
  },
  "gregtech:steam/10_vacuum_tube": {
    "criteria": {
      "location": "2022-12-27 21:49:31 +0800"
    },
    "done": true
  },
  "gregtech:zero_point_module/71_neuro_processing_unit": {
    "criteria": {
      "location": "2022-12-27 20:04:16 +0800"
    },
    "done": true
  },
  "gregtech:ludicrous_voltage/68_large_plasma_turbine": {
    "criteria": {
      "location": "2022-12-27 20:05:14 +0800"
    },
    "done": true
  },
  "gregtech:medium_voltage/37_advanced_integrated_logic_circuit": {
    "criteria": {
      "location": "2023-05-14 10:18:27 +0800"
    },
    "done": true
  },
  "minecraft:recipes/combat/stone_sword": {
    "criteria": {
      "has_cobblestone": "2022-11-04 18:24:48 +0800"
    },
    "done": true
  },
  "biomesoplenty:recipes/transportation/boat_willow": {
    "criteria": {
      "entered_water": "2022-12-20 17:00:57 +0800"
    },
    "done": true
  },
  "minecraft:recipes/decorations/cobblestone_wall": {
    "criteria": {
      "has_cobblestone": "2022-11-04 18:24:48 +0800"
    },
    "done": true
  },
  "lootgames:game_won": {
    "criteria": {
      "win": "2023-05-31 09:13:01 +0800"
    },
    "done": true
  },
  "minecraft:recipes/tools/stone_pickaxe": {
    "criteria": {
      "has_cobblestone": "2022-11-04 18:24:48 +0800"
    },
    "done": true
  },
  "gregtech:medium_voltage/34_silicon_boule": {
    "criteria": {
      "location": "2022-12-27 20:02:42 +0800"
    },
    "done": true
  },
  "buildcraftlib:recipes/guide_book": {
    "criteria": {
      "has_paper": "2022-12-20 17:16:16 +0800"
    },
    "done": true
  },
  "minecraft:recipes/redstone/stone_pressure_plate": {
    "criteria": {
      "has_stone": "2022-11-04 18:25:53 +0800"
    },
    "done": true
  },
  "minecraft:recipes/building_blocks/brown_stained_glass": {
    "criteria": {
      "has_glass": "2022-12-26 14:07:37 +0800"
    },
    "done": true
  },
  "minecraft:recipes/combat/leather_boots": {
    "criteria": {
      "has_leather": "2022-11-04 18:17:08 +0800"
    },
    "done": true
  },
  "minecraft:recipes/transportation/boat": {
    "criteria": {
      "entered_water": "2022-12-20 17:00:57 +0800"
    },
    "done": true
  },
  "minecraft:recipes/transportation/jungle_boat": {
    "criteria": {
      "entered_water": "2022-12-20 17:00:57 +0800"
    },
    "done": true
  },
  "gregtech:low_voltage/22_lv_robot_arm": {
    "criteria": {
      "location": "2022-12-27 20:03:04 +0800"
    },
    "done": true
  },
  "minecraft:recipes/building_blocks/light_gray_stained_glass": {
    "criteria": {
      "has_glass": "2022-12-26 14:07:37 +0800"
    },
    "done": true
  },
  "minecraft:recipes/redstone/heavy_weighted_pressure_plate": {
    "criteria": {
      "has_iron_ingot": "2022-12-23 08:57:43 +0800"
    },
    "done": true
  },
  "minecraft:recipes/building_blocks/diamond_block": {
    "criteria": {
      "has_at_least_9_diamond": "2022-12-26 15:58:52 +0800"
    },
    "done": true
  },
  "minecraft:recipes/transportation/dark_oak_boat": {
    "criteria": {
      "entered_water": "2022-12-20 17:00:57 +0800"
    },
    "done": true
  },
  "biomesoplenty:recipes/transportation/boat_jacaranda": {
    "criteria": {
      "entered_water": "2022-12-20 17:00:57 +0800"
    },
    "done": true
  },
  "minecraft:recipes/building_blocks/pink_wool": {
    "criteria": {
      "has_white_wool": "2022-12-27 08:08:43 +0800"
    },
    "done": true
  },
  "gregtech:steam/9_coke_oven": {
    "criteria": {
      "location": "2022-12-20 18:09:11 +0800"
    },
    "done": true
  },
  "minecraft:recipes/decorations/flower_pot": {
    "criteria": {
      "has_brick": "2022-12-20 18:13:38 +0800"
    },
    "done": true
  },
  "gregtech:low_voltage/88_first_cover_place": {
    "criteria": {
      "first_cover_place": "2022-12-22 13:55:37 +0800"
    },
    "done": true
  },
  "minecraft:recipes/decorations/red_stained_glass_pane": {
    "criteria": {
      "has_glass": "2022-12-26 14:07:37 +0800"
    },
    "done": true
  },
  "biomesoplenty:recipes/buildingblocks/white_sandstone": {
    "criteria": {
      "has_sand": "2022-12-26 14:07:40 +0800"
    },
    "done": true
  },
  "biomesoplenty:recipes/misc/sand_from_dried_sand": {
    "criteria": {
      "has_gem_block": "2022-12-20 16:58:44 +0800"
    },
    "done": true
  },
  "minecraft:recipes/building_blocks/brick_slab": {
    "criteria": {
      "has_brick_block": "2022-12-24 11:03:08 +0800"
    },
    "done": true
  },
  "gregtech:high_voltage/82_large_chemical_reactor": {
    "criteria": {
      "location": "2022-12-27 20:05:24 +0800"
    },
    "done": true
  },
  "minecraft:recipes/building_blocks/stonebrick": {
    "criteria": {
      "has_stone": "2022-11-04 18:25:53 +0800"
    },
    "done": true
  },
  "biomesoplenty:recipes/tools/empty_jar": {
    "criteria": {
      "has_glass": "2022-12-26 14:07:37 +0800"
    },
    "done": true
  },
  "gregtech:ludicrous_voltage/59_superconducting_coil": {
    "criteria": {
      "location": "2022-12-27 11:51:21 +0800"
    },
    "done": true
  },
  "gregtech:high_voltage/40_workstation": {
    "criteria": {
      "location": "2023-05-14 10:18:37 +0800"
    },
    "done": true
  },
  "minecraft:recipes/redstone/piston": {
    "criteria": {
      "has_redstone": "2022-12-22 14:27:06 +0800"
    },
    "done": true
  },
  "minecraft:recipes/combat/golden_leggings": {
    "criteria": {
      "has_gold_ingot": "2022-12-23 09:13:03 +0800"
    },
    "done": true
  },
  "gregtech:low_voltage/24_smart_filter": {
    "criteria": {
      "location": "2022-12-27 20:03:10 +0800"
    },
    "done": true
  },
  "minecraft:recipes/building_blocks/stone_stairs": {
    "criteria": {
      "has_cobblestone": "2022-11-04 18:24:48 +0800"
    },
    "done": true
  },
  "biomesoplenty:recipes/misc/mud_from_dirt": {
    "criteria": {
      "has_gem_block": "2022-12-20 16:58:44 +0800"
    },
    "done": true
  },
  "gregtech:steam/12_electronic_circuit": {
    "criteria": {
      "location": "2022-12-27 22:01:07 +0800"
    },
    "done": true
  },
  "gregtech:steam/13_steel": {
    "criteria": {
      "location": "2022-12-25 19:06:07 +0800"
    },
    "done": true
  },
  "minecraft:recipes/decorations/brown_stained_glass_pane": {
    "criteria": {
      "has_glass": "2022-12-26 14:07:37 +0800"
    },
    "done": true
  },
  "railcraft:tracks/root": {
    "criteria": {
      "get_brick": "2022-12-20 18:13:38 +0800"
    },
    "done": true
  },
  "gregtech:insane_voltage/root_iv": {
    "criteria": {
      "location": "2022-12-27 20:04:57 +0800"
    },
    "done": true
  },
  "minecraft:recipes/misc/diamond": {
    "criteria": {
      "has_the_recipe": "2022-12-26 15:58:52 +0800"
    },
    "done": true
  },
  "gregtech:zero_point_module/root_zpm": {
    "criteria": {
      "location": "2022-12-27 20:05:24 +0800"
    },
    "done": true
  },
  "minecraft:recipes/combat/diamond_boots": {
    "criteria": {
      "has_diamond": "2022-12-26 11:35:55 +0800"
    },
    "done": true
  },
  "minecraft:recipes/building_blocks/light_gray_wool": {
    "criteria": {
      "has_white_wool": "2022-12-27 08:08:43 +0800"
    },
    "done": true
  },
  "minecraft:recipes/building_blocks/red_wool": {
    "criteria": {
      "has_white_wool": "2022-12-27 08:08:43 +0800"
    },
    "done": true
  },
  "minecraft:story/smelt_iron": {
    "criteria": {
      "iron": "2022-12-23 08:57:43 +0800"
    },
    "done": true
  },
  "minecraft:recipes/tools/stone_axe": {
    "criteria": {
      "has_cobblestone": "2022-11-04 18:24:48 +0800"
    },
    "done": true
  },
  "lootgames:root": {
    "criteria": {
      "crafting_table": "2023-05-01 12:33:29 +0800"
    },
    "done": true
  },
  "minecraft:recipes/redstone/wooden_door": {
    "criteria": {
      "has_planks": "2022-12-22 11:30:14 +0800"
    },
    "done": true
  },
  "minecraft:recipes/building_blocks/pink_stained_glass": {
    "criteria": {
      "has_glass": "2022-12-26 14:07:37 +0800"
    },
    "done": true
  },
  "gregtech:ludicrous_voltage/64_crystal_processor": {
    "criteria": {
      "location": "2022-12-27 20:01:27 +0800"
    },
    "done": true
  },
  "minecraft:recipes/decorations/light_gray_stained_glass_pane": {
    "criteria": {
      "has_glass": "2022-12-26 14:07:37 +0800"
    },
    "done": true
  }
}